,DateOnly,Actual-kWh,DOW1,DOW2,Flag
0,2019-01-01,32339.5,2,Tuesday,0
1,2019-01-02,111257,3,Wednesday,0
2,2019-01-03,90629,4,Thursday,0
3,2019-01-04,108805,5,Friday,0
4,2019-01-05,70730.5,6,Saturday,0
5,2019-01-06,22606.5,7,Sunday,0
6,2019-01-07,74080,1,Monday,0
7,2019-01-08,102633,2,Tuesday,0
8,2019-01-09,96143.5,3,Wednesday,0
9,2019-01-10,72074.5,4,Thursday,0
10,2019-01-11,75152,5,Friday,0
11,2019-01-12,64553,6,Saturday,0
12,2019-01-13,28122.5,7,Sunday,0
13,2019-01-14,78960,1,Monday,0
14,2019-01-15,82540,2,Tuesday,0
15,2019-01-16,91737,3,Wednesday,0
16,2019-01-17,50215.5,4,Thursday,0
17,2019-01-18,58302,5,Friday,0
18,2019-01-19,90494.5,6,Saturday,0
19,2019-01-20,23345,7,Sunday,0
20,2019-01-21,69371.5,1,Monday,0
21,2019-01-22,64087.5,2,Tuesday,0
22,2019-01-23,50171.5,3,Wednesday,0
23,2019-01-24,73029.5,4,Thursday,0
24,2019-01-25,103650.5,5,Friday,0
25,2019-01-26,75241.5,6,Saturday,0
26,2019-01-27,24688,7,Sunday,0
27,2019-01-28,98126.5,1,Monday,0
28,2019-01-29,94571.5,2,Tuesday,0
29,2019-01-30,98239.5,3,Wednesday,0
30,2019-01-31,65498,4,Thursday,0
31,2019-02-01,93758.5,5,Friday,0
32,2019-02-02,55864,6,Saturday,0
33,2019-02-03,20270,7,Sunday,0
34,2019-02-04,86762.5,1,Monday,0
35,2019-02-05,69377.5,2,Tuesday,0
36,2019-02-06,96007.5,3,Wednesday,0
37,2019-02-07,98274.5,4,Thursday,0
38,2019-02-08,89137,5,Friday,0
39,2019-02-09,99167,6,Saturday,0
40,2019-02-10,28059,7,Sunday,0
41,2019-02-11,102624.5,1,Monday,0
42,2019-02-12,65756,2,Tuesday,0
43,2019-02-13,20169.5,3,Wednesday,0
44,2019-02-14,37288.5,4,Thursday,0
45,2019-02-15,86693,5,Friday,0
46,2019-02-16,99366.5,6,Saturday,0
47,2019-02-17,20643.5,7,Sunday,0
48,2019-02-18,54645,1,Monday,0
49,2019-02-19,101303,2,Tuesday,0
50,2019-02-20,85080.5,3,Wednesday,0
51,2019-02-21,43394.5,4,Thursday,0
52,2019-02-22,62703.5,5,Friday,0
53,2019-02-23,61573,6,Saturday,0
54,2019-02-24,18420.5,7,Sunday,0
55,2019-02-25,101514.5,1,Monday,0
56,2019-02-26,61399.5,2,Tuesday,0
57,2019-02-27,55781.5,3,Wednesday,0
58,2019-02-28,81053.5,4,Thursday,0
59,2019-03-01,90100.5,5,Friday,0
60,2019-03-02,77538.5,6,Saturday,0
61,2019-03-03,21466,7,Sunday,0
62,2019-03-04,102285.5,1,Monday,0
63,2019-03-05,57275.5,2,Tuesday,0
64,2019-03-06,28189.5,3,Wednesday,0
65,2019-03-07,42333.5,4,Thursday,0
66,2019-03-08,94201.5,5,Friday,0
67,2019-03-09,96047.5,6,Saturday,0
68,2019-03-10,21567.5,7,Sunday,0
69,2019-03-11,89105.5,1,Monday,0
70,2019-03-12,88858,2,Tuesday,0
71,2019-03-13,88813.5,3,Wednesday,0
72,2019-03-14,71071,4,Thursday,0
73,2019-03-15,101327.5,5,Friday,0
74,2019-03-16,89775,6,Saturday,0
75,2019-03-17,40892,7,Sunday,0
76,2019-03-18,84602,1,Monday,0
77,2019-03-19,86572,2,Tuesday,0
78,2019-03-20,54715,3,Wednesday,0
79,2019-03-21,100155,4,Thursday,0
80,2019-03-22,77898,5,Friday,0
81,2019-03-23,92076,6,Saturday,0
82,2019-03-24,21653,7,Sunday,0
83,2019-03-25,103075.5,1,Monday,0
84,2019-03-26,57915.5,2,Tuesday,0
85,2019-03-27,94895,3,Wednesday,0
86,2019-03-28,80716,4,Thursday,0
87,2019-03-29,95572,5,Friday,0
88,2019-03-30,41036,6,Saturday,0
89,2019-03-31,20467.5,7,Sunday,0
90,2019-04-01,102610,1,Monday,0
91,2019-04-02,96462.5,2,Tuesday,0
92,2019-04-03,101440,3,Wednesday,0
93,2019-04-04,70055,4,Thursday,0
94,2019-04-05,99161.5,5,Friday,0
95,2019-04-06,70242,6,Saturday,0
96,2019-04-07,22724.5,7,Sunday,0
97,2019-04-08,101851,1,Monday,0
98,2019-04-09,77455.5,2,Tuesday,0
99,2019-04-10,105522,3,Wednesday,0
100,2019-04-11,71421.5,4,Thursday,0
101,2019-04-12,98054.5,5,Friday,0
102,2019-04-13,82995,6,Saturday,0
103,2019-04-14,20504,7,Sunday,0
104,2019-04-15,100483.5,1,Monday,0
105,2019-04-16,59043.5,2,Tuesday,0
106,2019-04-17,100013,3,Wednesday,0
107,2019-04-18,41307,4,Thursday,0
108,2019-04-19,17605,5,Friday,0
109,2019-04-20,19525,6,Saturday,0
110,2019-04-21,18440.5,7,Sunday,0
111,2019-04-22,101851,1,Monday,0
112,2019-04-23,61692.5,2,Tuesday,0
113,2019-04-24,96964.5,3,Wednesday,0
114,2019-04-25,99570,4,Thursday,0
115,2019-04-26,62681,5,Friday,0
116,2019-04-27,73623.5,6,Saturday,0
117,2019-04-28,21498.5,7,Sunday,0
118,2019-04-29,85561.5,1,Monday,0
119,2019-04-30,95403.5,2,Tuesday,0
120,2019-05-01,93830.5,3,Wednesday,0
121,2019-05-02,63617.5,4,Thursday,0
122,2019-05-03,84005.5,5,Friday,0
123,2019-05-04,51657.5,6,Saturday,0
124,2019-05-05,20457.5,7,Sunday,0
125,2019-05-06,93846,1,Monday,0
126,2019-05-07,75390.5,2,Tuesday,0
127,2019-05-08,18722.5,3,Wednesday,0
128,2019-05-09,76943,4,Thursday,0
129,2019-05-10,99753,5,Friday,0
130,2019-05-11,101136.5,6,Saturday,0
131,2019-05-12,41659,7,Sunday,0
132,2019-05-13,87872.5,1,Monday,0
133,2019-05-14,96811.5,2,Tuesday,0
134,2019-05-15,92011,3,Wednesday,0
135,2019-05-16,63742,4,Thursday,10
136,2019-05-17,85516,5,Friday,0
137,2019-05-18,100906.5,6,Saturday,0
138,2019-05-19,45206.5,7,Sunday,0
139,2019-05-20,61717,1,Monday,0
140,2019-05-21,102499,2,Tuesday,0
141,2019-05-22,66140.5,3,Wednesday,0
142,2019-05-23,77335.5,4,Thursday,0
143,2019-05-24,100529.5,5,Friday,0
144,2019-05-25,105292,6,Saturday,0
145,2019-05-26,47626.5,7,Sunday,0
146,2019-05-27,108907,1,Monday,0
147,2019-05-28,93457.5,2,Tuesday,0
148,2019-05-29,59513,3,Wednesday,0
149,2019-05-30,99069,4,Thursday,0
150,2019-05-31,108655.5,5,Friday,0
151,2019-06-01,74637.5,6,Saturday,0
152,2019-06-02,24521.5,7,Sunday,0
153,2019-06-03,105226,1,Monday,0
154,2019-06-04,112633,2,Tuesday,0
155,2019-06-05,99104.5,3,Wednesday,0
156,2019-06-06,73470.5,4,Thursday,0
157,2019-06-07,110353,5,Friday,0
158,2019-06-08,102263.5,6,Saturday,0
159,2019-06-09,46441,7,Sunday,0
160,2019-06-10,112327.5,1,Monday,0
161,2019-06-11,93241,2,Tuesday,0
162,2019-06-12,112034,3,Wednesday,0
163,2019-06-13,82154,4,Thursday,0
164,2019-06-14,107988,5,Friday,0
165,2019-06-15,103869,6,Saturday,0
166,2019-06-16,27900.5,7,Sunday,0
167,2019-06-17,104091.5,1,Monday,0
168,2019-06-18,103117.5,2,Tuesday,0
169,2019-06-19,112256,3,Wednesday,0
170,2019-06-20,84107.5,4,Thursday,0
171,2019-06-21,101894,5,Friday,0
172,2019-06-22,95033,6,Saturday,0
173,2019-06-23,27571.5,7,Sunday,0
174,2019-06-24,104489,1,Monday,0
175,2019-06-25,106901,2,Tuesday,0
176,2019-06-26,103574,3,Wednesday,0
177,2019-06-27,84216,4,Thursday,0
178,2019-06-28,94839.5,5,Friday,0
179,2019-06-29,56213,6,Saturday,0
180,2019-06-30,25920.5,7,Sunday,0
181,2019-07-01,103077.5,1,Monday,0
182,2019-07-02,100672.5,2,Tuesday,0
183,2019-07-03,103213,3,Wednesday,0
184,2019-07-04,76335.5,4,Thursday,0
185,2019-07-05,105765.5,5,Friday,0
186,2019-07-06,52335,6,Saturday,0
187,2019-07-07,23292.5,7,Sunday,0
188,2019-07-08,92005,1,Monday,0
189,2019-07-09,95588,2,Tuesday,0
190,2019-07-10,97598,3,Wednesday,0
191,2019-07-11,59364,4,Thursday,0
192,2019-07-12,96633.5,5,Friday,0
193,2019-07-13,99447.5,6,Saturday,0
194,2019-07-14,27421,7,Sunday,0
195,2019-07-15,101560.5,1,Monday,0
196,2019-07-16,103188.5,2,Tuesday,0
197,2019-07-17,100616,3,Wednesday,0
198,2019-07-18,54291.5,4,Thursday,0
199,2019-07-19,87346.5,5,Friday,0
200,2019-07-20,85418.5,6,Saturday,0
201,2019-07-21,27001.5,7,Sunday,0
202,2019-07-22,92294.5,1,Monday,0
203,2019-07-23,90931.5,2,Tuesday,0
204,2019-07-24,99504,3,Wednesday,0
205,2019-07-25,62979.5,4,Thursday,0
206,2019-07-26,95356,5,Friday,0
207,2019-07-27,94234.5,6,Saturday,0
208,2019-07-28,27427.5,7,Sunday,0
209,2019-07-29,107373.5,1,Monday,0
210,2019-07-30,88711,2,Tuesday,0
211,2019-07-31,105034,3,Wednesday,0
212,2019-08-01,84123,4,Thursday,0
213,2019-08-02,91649.5,5,Friday,0
214,2019-08-03,57819.5,6,Saturday,0
215,2019-08-04,26995,7,Sunday,0
216,2019-08-05,110497.5,1,Monday,0
217,2019-08-06,103844,2,Tuesday,0
218,2019-08-07,110921,3,Wednesday,0
219,2019-08-08,80205,4,Thursday,0
220,2019-08-09,101423.5,5,Friday,0
221,2019-08-10,98862.5,6,Saturday,0
222,2019-08-11,26045,7,Sunday,0
223,2019-08-12,98808,1,Monday,0
224,2019-08-13,102921,2,Tuesday,0
225,2019-08-14,109160,3,Wednesday,0
226,2019-08-15,73768.5,4,Thursday,0
227,2019-08-16,105716,5,Friday,0
228,2019-08-17,102741,6,Saturday,0
229,2019-08-18,27119.5,7,Sunday,0
230,2019-08-19,95686.5,1,Monday,0
231,2019-08-20,105249.5,2,Tuesday,0
232,2019-08-21,106240,3,Wednesday,0
233,2019-08-22,82844.5,4,Thursday,0
234,2019-08-23,94008,5,Friday,0
235,2019-08-24,88044,6,Saturday,0
236,2019-08-25,25233.5,7,Sunday,0
237,2019-08-26,109859.5,1,Monday,0
238,2019-08-27,107010,2,Tuesday,0
239,2019-08-28,88542,3,Wednesday,0
240,2019-08-29,62288.5,4,Thursday,0
241,2019-08-30,103543,5,Friday,0
242,2019-08-31,83280.5,6,Saturday,0
243,2019-09-01,26672.5,7,Sunday,0
244,2019-09-02,106056,1,Monday,0
245,2019-09-03,102132,2,Tuesday,0
246,2019-09-04,107703,3,Wednesday,0
247,2019-09-05,79086,4,Thursday,0
248,2019-09-06,97252,5,Friday,0
249,2019-09-07,59301.5,6,Saturday,0
250,2019-09-08,28931,7,Sunday,0
251,2019-09-09,110009,1,Monday,0
252,2019-09-10,106153.5,2,Tuesday,0
253,2019-09-11,66067.5,3,Wednesday,0
254,2019-09-12,35511,4,Thursday,0
255,2019-09-13,97425.5,5,Friday,0
256,2019-09-14,103087,6,Saturday,0
257,2019-09-15,23830,7,Sunday,0
258,2019-09-16,95266,1,Monday,0
259,2019-09-17,75600,2,Tuesday,0
260,2019-09-18,109884,3,Wednesday,0
261,2019-09-19,76906,4,Thursday,0
262,2019-09-20,105790.5,5,Friday,0
263,2019-09-21,97401.5,6,Saturday,0
264,2019-09-22,25070,7,Sunday,0
265,2019-09-23,37125.5,1,Monday,0
266,2019-09-24,31114,2,Tuesday,0
267,2019-09-25,101197,3,Wednesday,0
268,2019-09-26,88473.5,4,Thursday,0
269,2019-09-27,107745.5,5,Friday,0
270,2019-09-28,106793.5,6,Saturday,0
271,2019-09-29,28162.5,7,Sunday,0
272,2019-09-30,98976.5,1,Monday,0
273,2019-10-01,72980,2,Tuesday,0
274,2019-10-02,90687.5,3,Wednesday,0
275,2019-10-03,65993.5,4,Thursday,0
276,2019-10-04,69877.5,5,Friday,0
277,2019-10-05,83416,6,Saturday,0
278,2019-10-06,28859.5,7,Sunday,0
279,2019-10-07,93800.5,1,Monday,0
280,2019-10-08,76158.5,2,Tuesday,0
281,2019-10-09,83882,3,Wednesday,0
282,2019-10-10,74922,4,Thursday,0
283,2019-10-11,101804.5,5,Friday,0
284,2019-10-12,78007,6,Saturday,0
285,2019-10-13,24640.5,7,Sunday,0
286,2019-10-14,35489.5,1,Monday,0
287,2019-10-15,29822.5,2,Tuesday,0
288,2019-10-16,96584,3,Wednesday,0
289,2019-10-17,72641,4,Thursday,0
290,2019-10-18,98470,5,Friday,0
291,2019-10-19,100256,6,Saturday,0
292,2019-10-20,24142,7,Sunday,0
293,2019-10-21,94413,1,Monday,0
294,2019-10-22,88066,2,Tuesday,0
295,2019-10-23,97091,3,Wednesday,0
296,2019-10-24,70809,4,Thursday,0
297,2019-10-25,77657,5,Friday,0
298,2019-10-26,79640.5,6,Saturday,0
299,2019-10-27,24640.5,7,Sunday,0
300,2019-10-28,67891.5,1,Monday,0
301,2019-10-29,63544,2,Tuesday,0
302,2019-10-30,104228,3,Wednesday,0
303,2019-10-31,60226.5,4,Thursday,0
304,2019-11-01,101032.5,5,Friday,0
305,2019-11-02,86080,6,Saturday,0
306,2019-11-03,23473,7,Sunday,0
307,2019-11-04,97462.5,1,Monday,0
308,2019-11-05,100851.5,2,Tuesday,0
309,2019-11-06,69927,3,Wednesday,0
310,2019-11-07,53141,4,Thursday,0
311,2019-11-08,96530,5,Friday,0
312,2019-11-09,73111,6,Saturday,0
313,2019-11-10,21080.5,7,Sunday,0
314,2019-11-11,96782,1,Monday,0
315,2019-11-12,69707,2,Tuesday,0
316,2019-11-13,100053,3,Wednesday,0
317,2019-11-14,57310,4,Thursday,0
318,2019-11-15,73977,5,Friday,0
319,2019-11-16,99059,6,Saturday,0
320,2019-11-17,24380,7,Sunday,0
321,2019-11-18,102598,1,Monday,0
322,2019-11-19,96158,2,Tuesday,0
323,2019-11-20,70466.5,3,Wednesday,0
324,2019-11-21,104288,4,Thursday,0
325,2019-11-22,94188,5,Friday,0
326,2019-11-23,91526,6,Saturday,0
327,2019-11-24,21080.5,7,Sunday,0
328,2019-11-25,96782,1,Monday,0
329,2019-11-26,69707,2,Tuesday,0
330,2019-11-27,100053,3,Wednesday,0
331,2019-11-28,57310,4,Thursday,0
332,2019-11-29,73977,5,Friday,0
333,2019-11-30,99059,6,Saturday,0
334,2019-12-01,24380,7,Sunday,0
335,2019-12-02,91771,1,Monday,0
336,2019-12-03,87653,2,Tuesday,0
337,2019-12-04,70571,3,Wednesday,0
338,2019-12-05,97502.5,4,Thursday,0
339,2019-12-06,97048.5,5,Friday,0
340,2019-12-07,94591.5,6,Saturday,0
341,2019-12-08,22540,7,Sunday,0
342,2019-12-09,83032.5,1,Monday,0
343,2019-12-10,67087.5,2,Tuesday,0
344,2019-12-11,73221,3,Wednesday,0
345,2019-12-12,98165.5,4,Thursday,0
346,2019-12-13,101088,5,Friday,0
347,2019-12-14,94347.5,6,Saturday,0
348,2019-12-15,20485,7,Sunday,0
349,2019-12-16,30423,1,Monday,0
350,2019-12-17,102387,2,Tuesday,0
351,2019-12-18,97543.5,3,Wednesday,0
352,2019-12-19,45356.5,4,Thursday,0
353,2019-12-20,104053.5,5,Friday,0
354,2019-12-21,95854.5,6,Saturday,0
355,2019-12-22,26645.5,7,Sunday,0
356,2019-12-23,95907.5,1,Monday,0
357,2019-12-24,68858.5,2,Tuesday,0
358,2019-12-25,18365.5,3,Wednesday,0
359,2019-12-26,78655,4,Thursday,0
360,2019-12-27,76270.5,5,Friday,0
361,2019-12-28,95212.5,6,Saturday,0
362,2019-12-29,25358,7,Sunday,0
363,2019-12-30,97304.5,1,Monday,0
364,2019-12-31,77828.5,2,Tuesday,0
365,2020-01-01,97543.5,3,Wednesday,0
366,2020-01-02,45356.5,4,Thursday,0
367,2020-01-03,104053.5,5,Friday,0
368,2020-01-04,95854.5,6,Saturday,0
369,2020-01-05,26645.5,7,Sunday,0
370,2020-01-06,95907.5,1,Monday,0
371,2020-01-07,96671.5,2,Tuesday,0
372,2020-01-08,55859.5,3,Wednesday,0
373,2020-01-09,48477.5,4,Thursday,0
374,2020-01-10,84730,5,Friday,0
375,2020-01-11,56062.5,6,Saturday,0
376,2020-01-12,19570.5,7,Sunday,0
377,2020-01-13,99874.5,1,Monday,0
378,2020-01-14,96308,2,Tuesday,0
379,2020-01-15,102186,3,Wednesday,0
380,2020-01-16,75541.5,4,Thursday,0
381,2020-01-17,101624.5,5,Friday,0
382,2020-01-18,67513.5,6,Saturday,0
383,2020-01-19,19041,7,Sunday,0
384,2020-01-20,101458.5,1,Monday,0
385,2020-01-21,100185,2,Tuesday,0
386,2020-01-22,104570,3,Wednesday,0
387,2020-01-23,68302,4,Thursday,1
388,2020-01-24,85139,5,Friday,0
389,2020-01-25,97737.5,6,Saturday,0
390,2020-01-26,45304,7,Sunday,0
391,2020-01-27,70470,1,Monday,0
392,2020-01-28,60190.5,2,Tuesday,0
393,2020-01-29,95778.5,3,Wednesday,2
394,2020-01-30,60401.5,4,Thursday,0
395,2020-01-31,102574,5,Friday,0
396,2020-02-01,44661,6,Saturday,0
397,2020-02-02,20065,7,Sunday,0
398,2020-02-03,99709.5,1,Monday,0
399,2020-02-04,103187.5,2,Tuesday,0
400,2020-02-05,96539,3,Wednesday,0
401,2020-02-06,84356,4,Thursday,0
402,2020-02-07,56904,5,Friday,0
403,2020-02-08,96232.5,6,Saturday,0
404,2020-02-09,22953,7,Sunday,0
405,2020-02-10,91840.5,1,Monday,0
406,2020-02-11,101616.5,2,Tuesday,0
407,2020-02-12,95753.5,3,Wednesday,0
408,2020-02-13,60418.5,4,Thursday,0
409,2020-02-14,89157,5,Friday,0
410,2020-02-15,96316,6,Saturday,0
411,2020-02-16,25232.5,7,Sunday,0
412,2020-02-17,92798.5,1,Monday,0
413,2020-02-18,73645.5,2,Tuesday,0
414,2020-02-19,50978,3,Wednesday,0
415,2020-02-20,45336,4,Thursday,0
416,2020-02-21,100222,5,Friday,0
417,2020-02-22,97216,6,Saturday,0
418,2020-02-23,24031.5,7,Sunday,0
419,2020-02-24,99141,1,Monday,0
420,2020-02-25,99470.5,2,Tuesday,0
421,2020-02-26,106242,3,Wednesday,0
422,2020-02-27,66859,4,Thursday,0
423,2020-02-28,92512.5,5,Friday,0
424,2020-02-29,55577.5,6,Saturday,0
425,2020-03-01,24388.5,7,Sunday,0
426,2020-03-02,107952,1,Monday,0
427,2020-03-03,94737,2,Tuesday,0
428,2020-03-04,106409,3,Wednesday,0
429,2020-03-05,56577,4,Thursday,0
430,2020-03-06,104289,5,Friday,0
431,2020-03-07,89063,6,Saturday,0
432,2020-03-08,25366,7,Sunday,0
433,2020-03-09,99524,1,Monday,0
434,2020-03-10,101973.5,2,Tuesday,0
435,2020-03-11,33682,3,Wednesday,0
436,2020-03-12,34698.5,4,Thursday,0
437,2020-03-13,96668.5,5,Friday,0
438,2020-03-14,97027.5,6,Saturday,0
439,2020-03-15,21927,7,Sunday,0
440,2020-03-16,105110,1,Monday,0
441,2020-03-17,101102,2,Tuesday,0
442,2020-03-18,90131,3,Wednesday,0
443,2020-03-19,62181.5,4,Thursday,0
444,2020-03-20,94264.5,5,Friday,0
445,2020-03-21,57512,6,Saturday,0
446,2020-03-22,25366,7,Sunday,0
447,2020-03-23,99524,1,Monday,0
448,2020-03-24,101973.5,2,Tuesday,0
449,2020-03-25,33682,3,Wednesday,0
450,2020-03-26,34698.5,4,Thursday,0
451,2020-03-27,96668.5,5,Friday,0
452,2020-03-28,52105.5,6,Saturday,0
453,2020-03-29,13585.5,7,Sunday,0
454,2020-03-30,15279,1,Monday,0
455,2020-03-31,62131,2,Tuesday,0
456,2020-04-01,99982,3,Wednesday,0
457,2020-04-02,95355,4,Thursday,0
458,2020-04-03,45673.5,5,Friday,0
459,2020-04-04,23275.5,6,Saturday,0
460,2020-04-05,17582,7,Sunday,0
461,2020-04-06,20189.5,1,Monday,0
462,2020-04-07,75265.5,2,Tuesday,0
463,2020-04-08,104738.5,3,Wednesday,0
464,2020-04-09,99874,4,Thursday,0
465,2020-04-10,67555.5,5,Friday,0
466,2020-04-11,23128.5,6,Saturday,0
467,2020-04-12,19674,7,Sunday,0
468,2020-04-13,21061.5,1,Monday,0
469,2020-04-14,74996.5,2,Tuesday,0
470,2020-04-15,71429,3,Wednesday,0
471,2020-04-16,31266,4,Thursday,0
472,2020-04-17,25492.5,5,Friday,0
473,2020-04-18,23400,6,Saturday,0
474,2020-04-19,21063,7,Sunday,0
475,2020-04-20,24510,1,Monday,0
476,2020-04-21,69391,2,Tuesday,0
477,2020-04-22,98597.5,3,Wednesday,0
478,2020-04-23,87203.5,4,Thursday,0
479,2020-04-24,41456.5,5,Friday,0
480,2020-04-25,24955,6,Saturday,0
481,2020-04-26,18920.5,7,Sunday,0
482,2020-04-27,71457.5,1,Monday,0
483,2020-04-28,100756,2,Tuesday,0
484,2020-04-29,76035.5,3,Wednesday,0
485,2020-04-30,93208.5,4,Thursday,0
486,2020-05-01,25762.5,5,Friday,0
487,2020-05-02,23584,6,Saturday,0
488,2020-05-03,20441,7,Sunday,0
489,2020-05-04,80313.5,1,Monday,0
490,2020-05-05,105318,2,Tuesday,0
491,2020-05-06,107971,3,Wednesday,0
492,2020-05-07,75789,4,Thursday,0
493,2020-05-08,101027.5,5,Friday,0
494,2020-05-09,77668.5,6,Saturday,0
495,2020-05-10,26629.5,7,Sunday,0
496,2020-05-11,106473,1,Monday,0
497,2020-05-12,105400,2,Tuesday,0
498,2020-05-13,108828.5,3,Wednesday,0
499,2020-05-14,73345,4,Thursday,0
500,2020-05-15,102649.5,5,Friday,0
501,2020-05-16,100947,6,Saturday,0
502,2020-05-17,48177.5,7,Sunday,0
503,2020-05-18,103385,1,Monday,0
504,2020-05-19,104099.5,2,Tuesday,0
505,2020-05-20,109245,3,Wednesday,0
506,2020-05-21,76788,4,Thursday,0
507,2020-05-22,106307.5,5,Friday,0
508,2020-05-23,110760,6,Saturday,0
509,2020-05-24,45147.5,7,Sunday,0
510,2020-05-25,108757.5,1,Monday,0
511,2020-05-26,111108,2,Tuesday,0
512,2020-05-27,115891.5,3,Wednesday,0
513,2020-05-28,110620,4,Thursday,0
514,2020-05-29,95070,5,Friday,0
515,2020-05-30,70907.5,6,Saturday,0
516,2020-05-31,26647.5,7,Sunday,0
517,2020-06-01,96702,1,Monday,0
518,2020-06-02,109850,2,Tuesday,0
519,2020-06-03,107426.5,3,Wednesday,0
520,2020-06-04,103390.5,4,Thursday,0
521,2020-06-05,36567,5,Friday,0
522,2020-06-06,26683.5,6,Saturday,0
523,2020-06-07,10880,7,Sunday,25
524,2020-06-08,27883.5,1,Monday,0
525,2020-06-09,26433.5,2,Tuesday,0
526,2020-06-10,24608,3,Wednesday,0
527,2020-06-11,28578,4,Thursday,0
528,2020-06-12,29807,5,Friday,0
529,2020-06-13,29025.5,6,Saturday,0
530,2020-06-14,25721.5,7,Sunday,0
531,2020-06-15,84996,1,Monday,0
532,2020-06-16,101375,2,Tuesday,0
533,2020-06-17,111166.5,3,Wednesday,0
534,2020-06-18,111885,4,Thursday,0
535,2020-06-19,93924,5,Friday,0
536,2020-06-20,97754.5,6,Saturday,0
537,2020-06-21,49210,7,Sunday,0
538,2020-06-22,100793.5,1,Monday,0
539,2020-06-23,108700,2,Tuesday,0
540,2020-06-24,111048.5,3,Wednesday,0
541,2020-06-25,107496,4,Thursday,0
542,2020-06-26,93832.5,5,Friday,0
543,2020-06-27,108260.5,6,Saturday,0
544,2020-06-28,46438,7,Sunday,0
545,2020-06-29,94306,1,Monday,6
546,2020-06-30,106549,2,Tuesday,0
547,2020-07-01,81647,3,Wednesday,0
548,2020-07-02,111608,4,Thursday,0
549,2020-07-03,111144,5,Friday,0
550,2020-07-04,103567,6,Saturday,0
551,2020-07-05,42675,7,Sunday,0
552,2020-07-06,103360.5,1,Monday,0
553,2020-07-07,109172,2,Tuesday,0
554,2020-07-08,95878,3,Wednesday,0
555,2020-07-09,61388,4,Thursday,0
556,2020-07-10,105847.5,5,Friday,0
557,2020-07-11,94785,6,Saturday,0
558,2020-07-12,30549,7,Sunday,0
559,2020-07-13,108404,1,Monday,0
560,2020-07-14,100508,2,Tuesday,0
561,2020-07-15,98385.5,3,Wednesday,0
562,2020-07-16,54232.5,4,Thursday,0
563,2020-07-17,111056.5,5,Friday,0
564,2020-07-18,113018.5,6,Saturday,0
565,2020-07-19,48987.5,7,Sunday,0
566,2020-07-20,76978,1,Monday,0
567,2020-07-21,108875,2,Tuesday,0
568,2020-07-22,100670.5,3,Wednesday,0
569,2020-07-23,75745,4,Thursday,0
570,2020-07-24,113462.5,5,Friday,0
571,2020-07-25,112102,6,Saturday,0
572,2020-07-26,52351.5,7,Sunday,0
573,2020-07-27,115749.5,1,Monday,0
574,2020-07-28,112981,2,Tuesday,0
575,2020-07-29,108658,3,Wednesday,0
576,2020-07-30,80207,4,Thursday,0
577,2020-07-31,110459.5,5,Friday,0
578,2020-08-01,84730,6,Saturday,0
579,2020-08-02,30271,7,Sunday,0
580,2020-08-03,107456.5,1,Monday,0
581,2020-08-04,112182,2,Tuesday,0
582,2020-08-05,109092,3,Wednesday,0
583,2020-08-06,78634,4,Thursday,0
584,2020-08-07,113521.5,5,Friday,0
585,2020-08-08,108416,6,Saturday,0
586,2020-08-09,50681.5,7,Sunday,0
587,2020-08-10,106324,1,Monday,0
588,2020-08-11,102193,2,Tuesday,0
589,2020-08-12,102012.5,3,Wednesday,0
590,2020-08-13,82637,4,Thursday,0
591,2020-08-14,110963,5,Friday,0
592,2020-08-15,97998,6,Saturday,0
593,2020-08-16,50461,7,Sunday,0
594,2020-08-17,110569.5,1,Monday,0
595,2020-08-18,113118,2,Tuesday,0
596,2020-08-19,114924.5,3,Wednesday,0
597,2020-08-20,66652,4,Thursday,0
598,2020-08-21,108214,5,Friday,0
599,2020-08-22,107478,6,Saturday,0
600,2020-08-23,30995,7,Sunday,0
601,2020-08-24,109452.5,1,Monday,0
602,2020-08-25,106238.5,2,Tuesday,0
603,2020-08-26,114425,3,Wednesday,0
604,2020-08-27,78802,4,Thursday,0
605,2020-08-28,110227,5,Friday,0
606,2020-08-29,103064,6,Saturday,0
607,2020-08-30,27060,7,Sunday,0
608,2020-08-31,114439.5,1,Monday,0
609,2020-09-01,92800.5,2,Tuesday,0
610,2020-09-02,113119.5,3,Wednesday,0
611,2020-09-03,68102,4,Thursday,0
612,2020-09-04,113485.5,5,Friday,0
613,2020-09-05,110898.5,6,Saturday,0
614,2020-09-06,29906,7,Sunday,0
615,2020-09-07,110524,1,Monday,0
616,2020-09-08,103632,2,Tuesday,0
617,2020-09-09,112131.5,3,Wednesday,0
618,2020-09-10,75394.5,4,Thursday,0
619,2020-09-11,107175,5,Friday,0
620,2020-09-12,60908,6,Saturday,0
621,2020-09-13,32555,7,Sunday,0
622,2020-09-14,107979.5,1,Monday,0
623,2020-09-15,109953.5,2,Tuesday,0
624,2020-09-16,110270,3,Wednesday,0
625,2020-09-17,76948.5,4,Thursday,0
626,2020-09-18,102335,5,Friday,0
627,2020-09-19,112226.5,6,Saturday,0
628,2020-09-20,49321.5,7,Sunday,0
629,2020-09-21,109022,1,Monday,0
630,2020-09-22,80683.5,2,Tuesday,0
631,2020-09-23,60091,3,Wednesday,0
632,2020-09-24,103500.5,4,Thursday,0
633,2020-09-25,105140,5,Friday,0
634,2020-09-26,76893,6,Saturday,0
635,2020-09-27,28822.5,7,Sunday,0
636,2020-09-28,107433,1,Monday,0
637,2020-09-29,102603,2,Tuesday,0
638,2020-09-30,57375,3,Wednesday,0
639,2020-10-01,59282,4,Thursday,0
640,2020-10-02,108183.5,5,Friday,0
641,2020-10-03,75027.5,6,Saturday,0
642,2020-10-04,28263.5,7,Sunday,0
643,2020-10-05,99538.5,1,Monday,0
644,2020-10-06,96736.5,2,Tuesday,0
645,2020-10-07,28740,3,Wednesday,0
646,2020-10-08,71972.5,4,Thursday,0
647,2020-10-09,106040.5,5,Friday,0
648,2020-10-10,104056,6,Saturday,0
649,2020-10-11,35257,7,Sunday,0
650,2020-10-12,110641,1,Monday,0
651,2020-10-13,103354.5,2,Tuesday,0
652,2020-10-14,49261,3,Wednesday,0
653,2020-10-15,102101,4,Thursday,0
654,2020-10-16,38996.5,5,Friday,0
655,2020-10-17,100772,6,Saturday,0
656,2020-10-18,30756,7,Sunday,0
657,2020-10-19,104286.5,1,Monday,0
658,2020-10-20,83042,2,Tuesday,0
659,2020-10-21,98010,3,Wednesday,0
660,2020-10-22,76776,4,Thursday,0
661,2020-10-23,110034,5,Friday,0
662,2020-10-24,78839.5,6,Saturday,0
663,2020-10-25,31598,7,Sunday,0
664,2020-10-26,107134.5,1,Monday,0
665,2020-10-27,106483,2,Tuesday,0
666,2020-10-28,108008.5,3,Wednesday,0
667,2020-10-29,68608,4,Thursday,0
668,2020-10-30,106077,5,Friday,0
669,2020-10-31,77331,6,Saturday,0
670,2020-11-01,28264,7,Sunday,0
671,2020-11-02,106728.5,1,Monday,0
672,2020-11-03,107406,2,Tuesday,0
673,2020-11-04,104225,3,Wednesday,0
674,2020-11-05,72502.5,4,Thursday,0
675,2020-11-06,105198,5,Friday,0
676,2020-11-07,101658,6,Saturday,0
677,2020-11-08,28531.5,7,Sunday,0
678,2020-11-09,108805.5,1,Monday,0
679,2020-11-10,68359,2,Tuesday,0
680,2020-11-11,30088,3,Wednesday,0
681,2020-11-12,57886,4,Thursday,0
682,2020-11-13,103743.5,5,Friday,0
683,2020-11-14,94804.5,6,Saturday,0
684,2020-11-15,23717.5,7,Sunday,0
685,2020-11-16,99851,1,Monday,0
686,2020-11-17,102297,2,Tuesday,0
687,2020-11-18,103695.5,3,Wednesday,0
688,2020-11-19,69071,4,Thursday,0
689,2020-11-20,103873.5,5,Friday,0
690,2020-11-21,101658,6,Saturday,0
691,2020-11-22,25569.5,7,Sunday,0
692,2020-11-23,28840,1,Monday,0
693,2020-11-24,96645.5,2,Tuesday,0
694,2020-11-25,87817,3,Wednesday,0
695,2020-11-26,105257.5,4,Thursday,0
696,2020-11-27,84828,5,Friday,0
697,2020-11-28,70604.5,6,Saturday,0
698,2020-11-29,10994.5,7,Sunday,0
699,2020-11-30,39867,1,Monday,0
700,2020-12-01,36337.5,2,Tuesday,0
701,2020-12-02,100380.5,3,Wednesday,0
702,2020-12-03,60379,4,Thursday,0
703,2020-12-04,89277,5,Friday,0
704,2020-12-05,100840.5,6,Saturday,0
705,2020-12-06,50934,7,Sunday,0
706,2020-12-07,100648,1,Monday,0
707,2020-12-08,88742,2,Tuesday,0
708,2020-12-09,83804.5,3,Wednesday,0
709,2020-12-10,56900.5,4,Thursday,0
710,2020-12-11,99157,5,Friday,0
711,2020-12-12,76350,6,Saturday,0
712,2020-12-13,22325,7,Sunday,0
713,2020-12-14,98329.5,1,Monday,0
714,2020-12-15,101696.5,2,Tuesday,0
715,2020-12-16,84499,3,Wednesday,10
716,2020-12-17,21256.5,4,Thursday,16
717,2020-12-18,31655,5,Friday,0
718,2020-12-19,27524.5,6,Saturday,0
719,2020-12-20,18302,7,Sunday,11
720,2020-12-21,103016,1,Monday,0
721,2020-12-22,98608,2,Tuesday,0
722,2020-12-23,96450.5,3,Wednesday,0
723,2020-12-24,74093.5,4,Thursday,0
724,2020-12-25,16454,5,Friday,0
725,2020-12-26,19876,6,Saturday,0
726,2020-12-27,12884.5,7,Sunday,12
727,2020-12-28,53995.5,1,Monday,0
728,2020-12-29,91583.5,2,Tuesday,0
729,2020-12-30,97441,3,Wednesday,0
